cod_munic,ano,cod_uf,nome_uf,pib,state.x,popdens,poprural,prefeito,govpt,poptot.y,ruralpc,hdi.2010.100,hdi.2000.100,pref.pt,organ,op,esq
1100122,2005,11,Rondônia,1000629.33,20,16.19699889,13770.5,PFL,0,111705,0.123275593,7.14,7.53,0,144,1,0.246666666666667
1100122,2009,11,Rondônia,1401586.33,20,16.76597095,12157.3,DEM,0,115629,0.105140582,7.14,7.53,0,182,0,0.331983805668016
1100205,2005,11,Rondônia,3700676.68,20,11.19341845,49374,PT,0,381594,0.129388824,7.36,7.63,1,417,1,0.513317191283293
1100205,2009,11,Rondônia,6607641.73,20,12.29476724,40111.6,PT,0,419140,0.095699765,7.36,7.63,1,484,1,0.776548672566372
1200401,2005,12,Acre,2369238.93,1,33.33691735,27124.5,PT,1,294549,0.092088245,7.27,7.54,1,413,1,0.300211416490486
1200401,2009,12,Acre,3837370.73,1,37.09345913,27415.3,PT,1,327740,0.083649538,7.27,7.54,1,412,0,0.660869565217391
1302603,2005,13,Amazonas,27517836.06,3,140.6816996,9128.5,PSB,0,1603925,0.005691351,7.37,7.74,0,1070,1,0.315602836879433
1302603,2009,13,Amazonas,40486106.54,3,154.5813331,9177.7,PTB,0,1762396,0.005207513,7.37,7.74,0,1142,0,0.608695652173913
1303403,2005,13,Amazonas,278770.19,3,16.14348842,32082.5,PSDB,0,96092,0.333872736,6.58,6.96,0,53,0,0.480916030534351
1303403,2009,13,Amazonas,460521.75,3,16.94199402,32128.5,PSDB,0,100845,0.318592876,6.58,6.96,0,110,0,0.424479166666667
1400100,2005,14,Roraima,2264674.09,21,42.63045941,4990.5,PPS,0,242441,0.02058439,7.52,7.79,0,205,0,0.623853211009174
1400100,2009,14,Roraima,4090496.92,21,48.52069716,6206.9,PSB,0,275939,0.022493739,7.52,7.79,0,232,0,0.625714285714286
1500107,2005,15,Pará,277431.65,13,80.80312567,53207,PT,0,130126,0.40888831,6.28,7.06,1,67,1,0.541509433962264
1500107,2009,15,Pará,456256.93,13,86.25453922,57125.4,PSDB,1,138905,0.411255181,6.28,7.06,0,73,0,0.511166253101737
1500800,2005,15,Pará,2172090.82,13,2272.369271,1061,PMDB,0,432775,0.00245162,7.18,7.82,0,195,1,0.457142857142857
1500800,2009,15,Pará,3243369.41,13,2437.05205,1156.2,PMDB,1,464139,0.002491064,7.18,7.82,0,239,0,0.527359238699445
1501402,2005,15,Pará,11277478.14,13,1261.972631,10121.5,PTB,0,1337007,0.007570267,7.46,8.06,0,1053,0,0.351791530944625
1501402,2009,15,Pará,16526989.01,13,1304.554782,11610.7,PTB,1,1382121,0.00840064,7.46,8.06,0,1170,0,0.420776071139854
1501709,2005,15,Pará,232518.01,13,49.47727696,38905,PSDB,0,103503,0.375882834,6,6.62,0,82,0,0.411764705882353
1501709,2009,15,Pará,382807.57,13,53.19585263,40263.4,PMDB,1,111282,0.361814141,6,6.62,0,129,0,0.544715447154472
1502103,2005,15,Pará,203040.33,13,35.45828848,62629.5,PFL,0,109260,0.573215246,5.77,6.71,0,48,0,0.441176470588235
1502103,2009,15,Pará,328735.41,13,38.47935024,66967.5,DEM,1,118569,0.564797699,5.77,6.71,0,55,0,0.642303433001107
1502400,2005,15,Pará,721943.38,13,149.5039795,16510.5,PMDB,0,153823,0.107334405,6.73,7.46,0,109,0,0.065217391304348
1502400,2009,15,Pará,1216351.33,13,164.5308678,19121.3,PR,1,169284,0.112953968,6.73,7.46,0,134,0,0.116788321167883
1504208,2005,15,Pará,2081266.56,13,13.27632403,40517.5,PTB,0,200845,0.201735169,6.68,7.14,0,127,0,0.675324675324675
1504208,2009,15,Pará,3058908.92,13,15.01210532,46013.9,PR,1,227104,0.20261158,6.68,7.14,0,145,0,0.567796610169492
1506807,2005,15,Pará,1271349.84,13,15.56335601,77520.5,PT,0,278559,0.278291136,6.91,7.46,1,302,1,0.828859060402685
1506807,2009,15,Pará,1765658.37,13,16.27945398,78544.1,PT,1,291376,0.269562691,6.91,7.46,1,365,1,0.835266821345708
1600303,2005,16,Amapá,2767841.18,4,52.40702819,14841.5,PT,0,340756,0.043554626,7.33,7.72,1,179,0,0.674285714285714
1600303,2009,16,Amapá,4679694.21,4,59.47520072,16570.7,PDT,0,386714,0.042850014,7.33,7.72,0,256,0,0.773434672457474
1702109,2005,17,Tocantins,1074218.68,26,32.95007319,7411.5,PFL,0,131814,0.056226958,7.52,7.49,0,163,0,0.534246575342466
1702109,2009,17,Tocantins,1582446.9,26,36.6836849,7525.5,DEM,0,146750,0.051281091,7.52,7.49,0,170,0,0.653846153846154
1721000,2005,17,Tocantins,1715031.55,26,82.40139562,4887.5,PT,0,182844,0.02673044,7.88,8,1,294,1,0.429394812680115
2100055,2005,21,Maranhão,1146324.96,9,16.56505821,24985,PSDB,0,96184,0.2597625,6.72,6.66,0,111,0,0.58974358974359
2100055,2009,21,Maranhão,1301120.56,9,17.64833834,25648.2,PSDB,0,102474,0.2502898,6.72,6.66,0,102,0,0.692857142857143
2103000,2005,21,Maranhão,544711.93,9,28.37204102,36433,PTB,0,147443,0.2470989,6.24,6.14,0,141,1,0.375757575757576
2103000,2009,21,Maranhão,825527.06,9,29.55527577,36562.6,PDT,0,153592,0.2380502,6.24,6.14,0,165,0,0.393548387096774
2103307,2005,21,Maranhão,295733.05,9,26.27449362,36523,PFL,0,114592,0.3187221,5.95,5.58,0,144,1,0.426229508196721
2103307,2009,21,Maranhão,493036.35,9,26.90663879,36899,PV,0,117349,0.3144381,5.95,5.58,0,132,0,0.260162601626016
2105302,2005,21,Maranhão,1280878.69,9,174.60794,12431,PMDB,0,239036,0.05200472,7.31,7.22,0,209,0,0.019047619047619
2105302,2009,21,Maranhão,2000734.56,9,179.5568548,12861.4,PSDB,0,245811,0.05232231,7.31,7.22,0,353,0,0.014492753623188
2111201,2005,21,Maranhão,262444.02,9,348.1593631,102736,PFL,0,135215,0.7597973,7.08,7,0,60,0,0.791666666666667
2111201,2009,21,Maranhão,473406.97,9,405.4859915,120813.6,DEM,0,157479,0.7671728,7.08,7,0,88,0,0
2111300,2005,21,Maranhão,10084981.62,9,1128.952964,44383.5,PDT,0,942433,0.04709459,7.68,7.78,0,947,1,0.411570247933884
2111300,2009,21,Maranhão,15337346.52,9,1198.339692,53935.1,PSDB,0,1000356,0.05391591,7.68,7.78,0,1108,1,0.434974747474747
2112209,2005,21,Maranhão,396789.13,9,80.79745666,18480,PMDB,0,142576,0.1296151,6.49,6.55,0,135,1,0.241379310344828
2112209,2009,21,Maranhão,715426.64,9,86.63840735,19963.2,PMDB,0,152883,0.1305783,6.49,6.55,0,223,0,0.724137931034483
2207702,2005,22,Piauí,496968.24,16,319.106097,7756,PTB,1,138994,0.05580097,6.87,6.74,0,186,0,0.342857142857143
2207702,2009,22,Piauí,757988.74,16,331.4323891,8125.6,PTB,1,144363,0.05628589,6.87,6.74,0,186,1,0.382571732199787
2211001,2005,22,Piauí,5242875.14,16,549.4291948,42272.5,PSDB,1,764795,0.05527298,7.51,7.66,0,833,1,0.252904378909741
2211001,2009,22,Piauí,8700461.43,16,577.8405021,45778.5,PSDB,1,804343,0.05691415,7.51,7.66,0,892,1,0.231145935357493
2303709,2005,23,Ceará,1149555.18,6,234.3985296,29802,PMDB,0,287960,0.1034935,6.82,7.21,0,148,1,0.5
2303709,2009,23,Ceará,2192431.07,6,258.8062248,34130.8,PRB,0,317945,0.1073481,6.82,7.21,0,164,0,0.501965923984273
2304202,2005,23,Ceará,471974.21,6,96.08174305,20619,PSDB,0,113037,0.1824093,7.13,7.16,0,180,0,0.058333333333333
2304202,2009,23,Ceará,726944.06,6,101.7878105,20531,PSDB,0,119750,0.1714489,7.13,7.16,0,214,1,0.401606425702811
2304400,2005,23,Ceará,20060098.99,6,7293.030197,0,PT,0,2296794,0,7.54,7.86,1,2347,1,0.318258903335218
2304400,2009,23,Ceará,31789186.07,6,7687.76236,0,PT,0,2421107,0,7.54,7.86,1,2739,1,0.331969309462916
2306405,2005,23,Ceará,334951.96,6,65.18378921,47521,PSDB,0,105217,0.4516475,6.4,6.59,0,283,0,0.793594306049822
2306405,2009,23,Ceará,530908.04,6,70.55996342,48827.4,PSDB,0,113895,0.4287054,6.4,6.59,0,358,0,0.882022471910112
2307304,2005,23,Ceará,856517.21,6,928.4818673,9864.5,PSDB,0,231036,0.04269681,6.94,6.97,0,187,0,0.067226890756303
2307304,2009,23,Ceará,1595504.1,6,989.2537937,9831.3,PT,0,246158,0.03993898,6.94,6.97,1,233,1,0.741228070175439
2307650,2005,23,Ceará,2312878.32,6,1822.77211,1002,PL,0,194395,0.005154454,6.86,7.36,0,159,1,0.458695652173913
2307650,2009,23,Ceará,3534385.07,6,1932.760108,1354,PR,0,206125,0.00656883,6.86,7.36,0,132,0,0.269087523277467
2312908,2005,23,Ceará,1489685.6,6,80.90595069,21348.5,PPS,0,171755,0.1242962,7.14,6.99,0,170,1,0.228571428571429
2312908,2009,23,Ceará,1964743.01,6,87.11538996,21812.9,PSB,0,184937,0.1179477,7.14,6.99,0,192,0,0.80718336483932
2403251,2005,24,Rio Grande do Norte,1124275.7,19,1324.788817,16258.78,PSB,0,163573,0.09939769,7.66,7.6,0,66,0,0.209677419354839
2403251,2009,24,Rio Grande do Norte,1963383.47,19,1576.71842,16825,PDT,0,194679,0.08642432,7.66,7.6,0,119,0,0.517857142857143
2408003,2005,24,Rio Grande do Norte,1919782.9,19,112.811069,18669,PFL,0,236828,0.07882936,7.2,7.35,0,216,0,0.163934426229508
2408003,2009,24,Rio Grande do Norte,2910955.6,19,121.5709942,21796.2,DEM,0,255218,0.08540228,7.2,7.35,0,225,0,0.137254901960784
2408102,2005,24,Rio Grande do Norte,6643982.58,19,4531.925579,0,PSB,0,758028,0,7.63,7.88,0,801,1,0.150375939849624
2408102,2009,24,Rio Grande do Norte,10369581.17,19,4750.556007,0,PV,0,794597,0,7.63,7.88,0,882,0,0.308791208791209
2504009,2005,25,Paraíba,2219610.34,14,624.377346,17918,PMDB,0,370272,0.04839145,7.2,7.21,0,437,1,0.349680170575693
2504009,2009,25,Paraíba,3894133.46,14,644.533292,17974.8,PMDB,0,382225,0.04702675,7.2,7.21,0,454,1,0.61878144214645
2507507,2005,25,Paraíba,5015921.18,14,3124.364582,1374.5,PSB,0,660725,0.002080291,7.63,7.83,0,743,1,0.44115292233787
2507507,2009,25,Paraíba,8638329.3,14,3361.896205,2474.1,PSB,0,710957,0.003479957,7.63,7.83,0,864,1,0.677759056444819
2513703,2005,25,Paraíba,695135.67,14,161.7039051,15980,PDT,0,118077,0.1353354,6.27,6.59,0,68,0,0.567567567567568
2513703,2009,25,Paraíba,1138589.15,14,164.1497936,16468.8,PMDB,0,119863,0.1373969,6.27,6.59,0,85,0,0.666666666666667
2602902,2009,26,Pernambuco,3826487.34,15,405.1834602,17368.7,PTB,0,181820,0.0955269,6.86,7.07,0,199,1,0.246727748691099
2603454,2005,26,Pernambuco,422463.77,15,2664.689701,0,PC do B,0,136584,0,6.92,7.47,0,78,0,0.116316639741519
2603454,2009,26,Pernambuco,618538.09,15,2787.7168,0,PC do B,0,142890,0,6.92,7.47,0,98,0,0.123721881390593
2604106,2005,26,Pernambuco,1514123.33,15,308.7873162,35780,PFL,0,284273,0.1258649,6.77,7.13,0,170,0,0.384879725085911
2606002,2005,26,Pernambuco,565057.45,15,269.4983339,14184,PMDB,0,123579,0.1147768,6.64,6.93,0,163,0,0.439024390243902
2606002,2009,26,Pernambuco,949338.96,15,279.6673005,14080,PDT,0,128242,0.1097924,6.64,6.93,0,158,0,0.333333333333333
2607901,2005,26,Pernambuco,4221244.58,15,2369.935136,13567.5,PSDC,0,613088,0.02212978,7.17,7.77,0,232,1,0.289782244556114
2607901,2009,26,Pernambuco,7068777.3,15,2467.448027,13955.9,PSDB,0,638314,0.02186369,7.17,7.77,0,372,0,0.695620437956204
2609600,2005,26,Pernambuco,1886466.95,15,8945.106883,7395,PC do B,0,372841,0.01983419,7.35,7.92,0,260,1,0.454044117647059
2609600,2009,26,Pernambuco,2601107.53,15,9039.874283,7432.6,PC do B,0,376791,0.01972605,7.35,7.92,0,279,1,0.447859495060373
2610707,2005,26,Pernambuco,1081933.16,15,2891.236435,0,PPS,0,281352,0,7.32,7.99,0,122,1,0.226530612244898
2610707,2009,26,Pernambuco,1839665.79,15,3048.370191,0,PSB,0,296643,0,7.32,7.99,0,144,0,0.686124401913876
2611101,2005,26,Pernambuco,1670472.97,15,56.17211531,63507,PPS,0,256250,0.2478322,6.97,7.47,0,158,0,0.584664536741214
2611101,2009,26,Pernambuco,2283346.36,15,62.78562836,72505.4,PMDB,0,286420,0.2531436,6.97,7.47,0,189,0,0.714782608695652
2611606,2005,26,Pernambuco,16324072.73,15,6776.86726,0,PT,0,1480305,0,7.72,7.97,1,1779,1,0.267373013399813
2611606,2009,26,Pernambuco,24835339.75,15,6987.085403,0,PT,0,1526224,0,7.72,7.97,1,1860,1,0.37748620222847
2616407,2005,26,Pernambuco,615931.71,15,368.4921802,17406.5,PSB,0,123792,0.1406109,6.4,6.63,0,67,0,0.317307692307692
2616407,2009,26,Pernambuco,1023204.55,15,383.2149597,16718.1,DEM,0,128738,0.1298614,6.4,6.63,0,105,0,0.752910737386805
2700300,2005,27,Alagoas,896794.39,2,579.2943831,33320.5,PMDB,0,200236,0.1664061,6.49,6.56,0,140,0,0.610526315789474
2700300,2009,27,Alagoas,1658976.9,2,611.1643112,32687.3,PMDB,0,211252,0.1547313,6.49,6.56,0,126,0,0.581395348837209
2704302,2005,27,Alagoas,6319445.33,2,1698.068107,1304,PDT,0,865254,0.001507072,7.21,7.39,0,717,0,0.492329149232915
2704302,2009,27,Alagoas,10264217.82,2,1804.033739,783.2,PP,0,919249,0.000852,7.21,7.39,0,1012,0,0.647058823529412
2800308,2005,28,Sergipe,5197567.57,24,2839.274815,0,PT,0,516342,0,7.7,7.94,1,752,1,0.495049504950495
2800308,2009,28,Sergipe,7069447.84,24,3080.37634,0,PC do B,1,560188,0,7.7,7.94,0,824,1,0.63302752293578
2804805,2005,28,Sergipe,730241.9,24,943.4581791,2701,PPS,0,146253,0.018468,6.64,6.96,0,73,0,0.238709677419355
2900702,2005,29,Bahia,838254.78,5,189.4224663,17784.5,PSB,0,136022,0.1307472,6.83,7.29,0,186,1,0.148514851485149
2900702,2009,29,Bahia,1298216.41,5,196.0261138,17888.1,PSDB,1,140764,0.1270787,6.83,7.29,0,267,1,0.567375886524823
2903201,2005,29,Bahia,1236359.89,5,17.86087625,14876.5,PSDB,0,134638,0.1104926,7.21,7.23,0,108,0,0.5
2903201,2009,29,Bahia,1693253.61,5,18.15683738,13925.7,PR,1,136869,0.1017447,7.21,7.23,0,110,0,0.280575539568345
2905701,2005,29,Bahia,10271513.93,5,257.8817778,9166,PT,0,202349,0.04529798,6.94,7.34,1,207,1,0.012875536480687
2905701,2009,29,Bahia,12158915.1,5,299.2972735,10638.8,PT,1,234846,0.04530118,6.94,7.34,1,213,1,0.350478468899522
2910800,2005,29,Bahia,3492978.09,5,387.7419389,47626.5,PFL,0,518796,0.09180198,7.12,7.4,0,517,0,0.457142857142857
2910800,2009,29,Bahia,6358135.7,5,410.3706073,46352.5,DEM,1,549073,0.08441956,7.12,7.4,0,617,0,0.407068062827225
2913606,2005,29,Bahia,1479938.17,5,128.2153704,44482,PMDB,0,203182,0.2189269,6.9,7.03,0,168,1,0.689873417721519
2913606,2009,29,Bahia,1925639.85,5,118.6507418,32066,PSB,1,188025,0.1705412,6.9,7.03,0,177,0,0.608695652173913
2914802,2005,29,Bahia,1514013.82,5,500.3914939,5252.5,PFL,0,200671,0.02617468,7.12,7.48,0,194,1,0.517902813299233
2914802,2009,29,Bahia,2280732.73,5,508.3635058,5061.7,DEM,1,203868,0.02482832,7.12,7.48,0,217,0,0.682890855457227
2918001,2005,29,Bahia,1055577.98,5,50.36958149,14688.5,PP,0,149549,0.09821864,6.65,6.94,0,169,0,0.2734375
2918001,2009,29,Bahia,1552451.45,5,51.00177364,12914.5,PMDB,1,151426,0.08528588,6.65,6.94,0,171,0,0.57089552238806
2918407,2005,29,Bahia,1136053.29,5,28.65326163,39243.5,PFL,0,186266,0.2106853,6.77,6.83,0,239,0,0.330434782608696
2918407,2009,29,Bahia,1745979.64,5,30.09295473,37607.1,PC do B,1,195625,0.1922408,6.77,6.83,0,229,0,0.442244224422442
2919207,2005,29,Bahia,1694310.37,5,2401.85911,0,PT,0,138496,0,7.54,7.71,1,94,1,0.247191011235955
2919207,2009,29,Bahia,2672093.5,5,2748.048975,0,PT,1,158458,0,7.54,7.71,1,116,1,0.260355029585799
2924009,2005,29,Bahia,1249034,5,64.85187593,14453,PSB,0,102448,0.1410764,6.74,7.19,0,125,1,0.727272727272727
2924009,2009,29,Bahia,1743769.82,5,67.86379637,14883.4,DEM,1,107206,0.1388299,6.74,7.19,0,114,0,0.690566037735849
2925303,2005,29,Bahia,556831.05,5,48.67549741,19474.5,PL,0,111325,0.1749337,6.76,6.99,0,84,0,0.22680412371134
2925303,2009,29,Bahia,805236.41,5,54.13353679,22172.5,PSB,1,123808,0.1790878,6.76,6.99,0,134,0,0.560975609756098
2927408,2005,29,Bahia,22532508.7,5,3694.156771,904,PDT,0,2559382,0.00035321,7.59,8.05,0,2346,1,0.230211081794195
2927408,2009,29,Bahia,32824228.58,5,3828.418389,823.2,PMDB,1,2652401,0.00031036,7.59,8.05,0,2390,0,0.557073954983923
2930709,2005,29,Bahia,2082070.32,5,526.1364,14701,PL,0,106057,0.1386141,6.75,7.3,0,132,1,0.356589147286822
2930709,2009,29,Bahia,3008293.6,5,573.7212,12733,PSDB,1,115649,0.1101004,6.75,7.3,0,136,0,0.769230769230769
2931350,2005,29,Bahia,617967.87,5,105.4493,8936.5,PSDC,0,122914,0.07270531,6.85,6.98,0,90,1,0.370212765957447
2931350,2009,29,Bahia,1051444.31,5,116.0376,9047.3,PSDB,1,135256,0.0668902,6.85,6.98,0,91,0,0.354166666666667
2933307,2005,29,Bahia,1796270.15,5,76.85708,34539,PT,0,284680,0.1213257,6.78,7.08,1,291,1,0.48469387755102
2933307,2009,29,Bahia,3142676.82,5,81.6489,32611,PT,1,302429,0.1078303,6.78,7.08,1,412,1,0.112871287128713
3103504,2005,31,Minas Gerais,1540195.61,10,38.7938,8220,PSC,0,105888,0.07762919,7.73,8.15,0,174,0,0.470588235294118
3105608,2005,31,Minas Gerais,993916.06,10,158.3341,10589.5,PSDB,0,120205,0.08809534,7.69,7.98,0,231,0,0.303370786516854
3105608,2009,31,Minas Gerais,1335419.62,10,164.7396,10695.5,PMDB,0,125068,0.08551748,7.69,7.98,0,252,1,0.296052631578947
3106200,2005,31,Minas Gerais,28951081.26,10,6960869,0,PT,0,2306839,0,8.1,8.39,1,3847,1,0.403065825067629
3106200,2009,31,Minas Gerais,44595204.91,10,7125775,0,PSB,0,2361489,0,8.1,8.39,0,4400,1,0.1828447861605
3106705,2005,31,Minas Gerais,14656666.53,10,995.7133,5588.5,PSDB,0,342382,0.01632241,7.49,7.75,0,341,0,0.507394766780432
3106705,2009,31,Minas Gerais,25183730.33,10,1078789,3325.7,PT,0,370948,0.008965407,7.49,7.75,1,532,1,0.599674532139951
3118304,2005,31,Minas Gerais,618245.17,10,296.2193,4282,PT,0,109674,0.03904298,7.61,7.93,1,165,1,0.049180327868853
3118304,2009,31,Minas Gerais,896665.27,10,310.9932,5050.8,PSDB,0,115144,0.04386507,7.61,7.93,0,152,0,0.186046511627907
3118601,2005,31,Minas Gerais,9791840.95,10,2926145,3369.5,PT,0,570730,0.005903842,7.56,7.89,1,615,1,0.17762399077278
3118601,2009,31,Minas Gerais,15410450.4,10,3060319,2315.5,PT,0,596900,0.003879209,7.56,7.89,1,758,1,0.171264367816092
3119401,2005,31,Minas Gerais,467014.03,10,454.5631,1246,PT,0,100573,0.01238901,7.55,7.89,1,149,1,0.25181598062954
3119401,2009,31,Minas Gerais,724103.78,10,465.8489,1286,PT,0,103070,0.01247696,7.55,7.89,1,141,0,0.102222222222222
3122306,2005,31,Minas Gerais,2174946.92,10,280.3062,5742.5,PTB,0,198489,0.02893107,7.64,8.31,0,321,0,0.109195402298851
3122306,2009,31,Minas Gerais,2819794.35,10,296.7188,5545.3,PSDB,0,210111,0.02639224,7.64,8.31,0,368,0,0.34412955465587
3127701,2005,31,Minas Gerais,2022974.49,10,109.0412,10711,PSDB,0,255410,0.04193649,7.27,7.72,0,418,0,275
3127701,2009,31,Minas Gerais,2845813.94,10,111.8688,10453.4,PT,0,262033,0.03989345,7.27,7.72,1,499,1,0.43298969072165
3129806,2005,31,Minas Gerais,659457.36,10,2011754,537.5,PL,0,145999,0.003681532,7.04,7.29,0,90,0,0.528301886792453
3129806,2009,31,Minas Gerais,1070732.06,10,2154562,400.3,DEM,0,156363,0.002560069,7.04,7.29,0,122,0,0.315217391304348
3131307,2005,31,Minas Gerais,4474365.64,10,1370551,2045.5,PMDB,0,225982,0.009051606,7.71,8.06,0,322,1,0.195138419986496
3131307,2009,31,Minas Gerais,5659343.96,10,1435985,2401.1,PPS,0,236771,0.01014102,7.71,8.06,0,404,1,0.430597014925373
3131703,2009,31,Minas Gerais,3415339.89,10,86.65283,7580.4,PR,0,108637,0.06977733,7.56,7.98,0,245,0,0.786885245901639
3136702,2005,31,Minas Gerais,5223341.37,10,338.8629,4839.5,PTB,0,486522,0.009947135,7.78,8.28,0,1122,0,0.057581573896353
3136702,2009,31,Minas Gerais,7423137.79,10,355.4256,5675.9,PSDB,0,510302,0.01112263,7.78,8.28,0,1192,0,0.358858858858859
3143302,2005,31,Minas Gerais,2602857.27,10,93.70595,17622,PPS,0,334431,0.05269248,7.7,7.83,0,533,1,0.358974358974359
3143302,2009,31,Minas Gerais,3815101.23,10,99.8666,17508.4,PMDB,0,356418,0.04912322,7.7,7.83,0,560,0,0.052863436123348
3147907,2005,31,Minas Gerais,880560.34,10,76.04311,6376.5,PDT,0,101751,0.06266769,7.56,7.97,0,137,0,0.30188679245283
3147907,2009,31,Minas Gerais,1185068.17,10,78.75672,5637.7,PMDB,0,105382,0.05349775,7.56,7.97,0,139,0,0.680672268907563
3148004,2009,31,Minas Gerais,1734815.96,10,43.01535,11142.2,DEM,0,137227,0.08119539,7.65,8.13,0,255,1,0.662721893491124
3151800,2005,31,Minas Gerais,2595787.03,10,263.2814,4260,PFL,0,144031,0.02957697,7.79,8.41,0,221,0,0.4625
3151800,2009,31,Minas Gerais,2818455.75,10,275.5707,3827.2,PPS,0,150754,0.02538705,7.79,8.41,0,255,0,0.914572864321608
3152501,2005,31,Minas Gerais,1452863.14,10,218.5656,10022,PL,0,118696,0.08443418,7.74,8.26,0,192,0,0.258426966292135
3152501,2009,31,Minas Gerais,2563770.61,10,236.1233,10823.6,PT,0,128231,0.08440705,7.74,8.26,1,187,1,0.510460251046025
3154606,2005,31,Minas Gerais,827633.66,10,1747025,1804,PSB,0,271582,0.006642561,6.84,7.49,0,177,1,0.241379310344828
3154606,2009,31,Minas Gerais,1712842.54,10,1874317,2091.2,PSB,0,291370,0.007177129,6.84,7.49,0,232,0,0.408517350157729
3156700,2005,31,Minas Gerais,711444.1,10,399.4822,2920,PSB,0,120811,0.02416999,7.31,7.73,0,143,0,0.341772151898734
3156700,2009,31,Minas Gerais,1005070.63,10,413.9191,3129.6,PV,0,125177,0.0250014,7.31,7.73,0,196,0,0.314893617021277
3157807,2005,31,Minas Gerais,1182800.45,10,824.9375,631.5,PFL,0,193923,0.003256447,7.15,7.54,0,190,0,0.068627450980392
3157807,2009,31,Minas Gerais,1786026.14,10,855.6297,580.7,PMDB,0,201138,0.002887073,7.15,7.54,0,312,0,0.109215017064846
3167202,2005,31,Minas Gerais,2747579.84,10,371.7772,4645,PMDB,0,199512,0.02328181,7.6,7.91,0,220,0,0.355140186915888
3167202,2009,31,Minas Gerais,4105511.9,10,393.6017,5092.2,PSDB,0,211224,0.02410806,7.6,7.91,0,255,1,612
3168606,2005,31,Minas Gerais,740009.92,10,40.73843,25642,PT,0,132085,0.1941326,7.01,7.42,1,224,1,0.693333333333333
3168606,2009,31,Minas Gerais,1154886.19,10,41.39476,24866,PT,0,134213,0.1852727,7.01,7.42,1,226,1,0.845771144278607
3170107,2005,31,Minas Gerais,4105596.14,10,60.57087,7240.5,PL,0,274020,0.02642325,7.72,8.34,0,456,0,0.297709923664122
3170107,2009,31,Minas Gerais,6489508.61,10,64.45552,6728.9,PMDB,0,291594,0.02307626,7.72,8.34,0,464,0,0.597189695550351
3170206,2005,31,Minas Gerais,9196837.54,10,134.2859,14481.5,PP,0,552614,0.02620545,7.89,8.3,0,741,1,0.511820330969267
3170206,2009,31,Minas Gerais,16165949.54,10,144.2778,16281.1,PP,0,593733,0.02742158,7.89,8.3,0,859,0,0.184466019417476
3170701,2005,31,Minas Gerais,2096445.56,10,293.4779,4429,PT,0,116040,0.03816787,7.78,8.24,1,192,1,0.414285714285714
3170701,2009,31,Minas Gerais,3046304.01,10,307.7244,4105.8,PT,0,121673,0.03374454,7.78,8.24,1,195,0,0.624413145539906
3201209,2005,32,Espírito Santo,1706196.07,7,207.6843,17885,PMDB,0,182384,0.09806233,7.46,7.7,0,274,0,0.192513368983957
3201209,2009,32,Espírito Santo,2399003.13,7,214.5212,16610.6,PT,0,188388,0.08817228,7.46,7.7,1,381,1,0.297520661157025
3201308,2005,32,Espírito Santo,2345343.1,7,1202434,11197.5,PT,0,336512,0.03327519,7.18,7.5,1,405,1,0.299528301886792
3201308,2009,32,Espírito Santo,3854045.29,7,1237384,11111.5,PT,0,346293,0.03208699,7.18,7.5,1,459,1,0.319760479041916
3201506,2005,32,Espírito Santo,1070946.38,7,79.22761,17402.5,PSB,0,112250,0.1550334,7.46,7.73,0,220,0,0.365994236311239
3201506,2009,32,Espírito Santo,1724502.27,7,78.96646,14194.1,PT,0,111880,0.126869,7.46,7.73,1,225,0,0.280916030534351
3202405,2005,32,Espírito Santo,600933.88,7,163.6373,5285,PHS,0,96843,0.05457287,7.31,7.89,0,144,1,0.416666666666667
3202405,2009,32,Espírito Santo,924333.04,7,175.0496,4864.2,PPS,0,103597,0.0469531,7.31,7.89,0,189,0,0.764705882352941
3203205,2005,32,Espírito Santo,1401570.32,7,36.23203,19720,PTB,0,126962,0.1553221,7.24,7.57,0,121,0,0.051020408163265
3203205,2009,32,Espírito Santo,2314608.29,7,39.50673,19736,PMDB,0,138437,0.142563,7.24,7.57,0,152,0,0.158798283261803
3205002,2005,32,Espírito Santo,7185220.31,7,666.9089,2192,PDT,0,365224,0.006001796,7.39,7.61,0,389,1,0.169757489300999
3205002,2009,32,Espírito Santo,11531826.35,7,731.2472,2697.6,PDT,0,400458,0.006736287,7.39,7.61,0,547,1,0.254150702426565
3205200,2005,32,Espírito Santo,3611561.13,7,1811.14,1685.5,PDT,0,380276,0.004432307,8,8.17,0,505,0,0.228658536585366
3205200,2009,32,Espírito Santo,6041447.24,7,1941867,1961.9,PR,0,407724,0.004811834,8,8.17,0,543,0,0.446215139442231
3205309,2005,32,Espírito Santo,15797486.66,7,3211786,0,PSDB,0,310053,0,8.45,8.56,0,885,1,0.265486725663717
3205309,2009,32,Espírito Santo,19782627.87,7,3358861,0,PSDB,0,324251,0,8.45,8.56,0,980,1,0.307322929171669
3300100,2005,33,Rio de Janeiro,3636339.55,18,174.9875,5584,PMDB,0,144379,0.03867599,7.24,7.72,0,207,0,0.531073446327684
3300100,2009,33,Rio de Janeiro,4526169.17,18,199.3559,6093.6,PMDB,0,164485,0.03704654,7.24,7.72,0,266,0,0.644578313253012
3300407,2005,33,Rio de Janeiro,2229896.46,18,318502,3618.5,PMDB,0,174283,0.02076221,7.29,8.06,0,220,1,0.278236914600551
3300407,2009,33,Rio de Janeiro,3514292.39,18,323.6628,2018.1,PMDB,0,177107,0.01139481,7.29,8.06,0,228,0,0.101321585903084
3300456,2005,33,Rio de Janeiro,2677529.7,18,5807402,0,PMDB,0,451903,0,6.84,7.42,0,596,0,0.313915857605178
3300456,2009,33,Rio de Janeiro,4152779.4,18,5986584,0,PT,0,465846,0,6.84,7.42,1,639,0,0.407960199004975
3300704,2005,33,Rio de Janeiro,4554007.81,18,381.3868,33164,PMDB,0,156528,0.2118726,7.35,7.92,0,254,0,0.350574712643678
3300704,2009,33,Rio de Janeiro,4596004.39,18,439.2765,43222.4,PSDB,0,180287,0.2397422,7.35,7.92,0,291,0,0.695121951219512
3301009,2005,33,Rio de Janeiro,16653398.88,18,108.1184,43920,PDT,0,435360,0.100882,7.16,7.52,0,542,0,0.263910969793323
3301009,2009,33,Rio de Janeiro,19581276.18,18,113755,44806.4,PMDB,0,458057,0.0978184,7.16,7.52,0,653,0,0.256259204712813
3301702,2005,33,Rio de Janeiro,22623088.11,18,1743407,3018,PMDB,0,815252,0.003701923,7.11,7.53,0,973,1,0.38676844783715
3301702,2009,33,Rio de Janeiro,25747558.29,18,1811.49,2929.2,PSDB,0,847089,0.00345796,7.11,7.53,0,1051,0,0.604968944099379
3301900,2005,33,Rio de Janeiro,1249144.67,18,471.0879,6406.5,PT,0,202744,0.03159896,6.93,7.37,1,269,0,0.219339622641509
3301900,2009,33,Rio de Janeiro,2013343.63,18,499.4609,3356.5,PP,0,214955,0.0156149,6.93,7.37,0,332,1,0.685612788632327
3302403,2005,33,Rio de Janeiro,5302363.72,18,139.3726,5160,PSDB,0,169595,0.03042543,7.64,7.9,0,241,0,0.134146341463415
3302403,2009,33,Rio de Janeiro,7057281.73,18,163.7849,4124.8,PMDB,0,199301,0.02069633,7.64,7.9,0,268,1,0.543513957307061
3302502,2005,33,Rio de Janeiro,1228607.5,18,557.4729,12036.5,PMDB,0,216576,0.05557633,7.09,7.46,0,325,0,0.08294930875576
3302502,2009,33,Rio de Janeiro,1843262.46,18,579.6018,12082.5,PMDB,0,225173,0.05365874,7.09,7.46,0,368,0,0.572390572390572
3302858,2005,33,Rio de Janeiro,975590.76,18,NA,NA,PT,0,NA,NA,7.37,NA,1,146,0,0.265060240963855
3302858,2009,33,Rio de Janeiro,1506850.64,18,NA,NA,PT,0,NA,NA,7.37,NA,1,159,0,0.159334126040428
3303203,2005,33,Rio de Janeiro,1010144.68,18,8021915,0,PP,0,155569,0,7.53,7.88,0,197,1,0.316239316239316
3303203,2009,33,Rio de Janeiro,1503782.74,18,8098489,0,PP,0,157054,0,7.53,7.88,0,213,0,0.396449704142012
3303302,2005,33,Rio de Janeiro,6835927.12,18,3535772,0,PT,0,473507,0,8.37,8.86,1,916,1,0.421185372005044
3303302,2009,33,Rio de Janeiro,10800669.75,18,3619733,0,PDT,0,484751,0,8.37,8.86,0,975,0,0.314318640161337
3303401,2005,33,Rio de Janeiro,1709351.79,18,190.4298,22136.5,PSB,0,177750,0.1245373,7.45,8.1,0,388,0,0.088888888888889
3303401,2009,33,Rio de Janeiro,2638733.47,18,194143,22592.1,PSC,0,181216,0.1246695,7.45,8.1,0,394,0,0.530612244897959
3303500,2005,33,Rio de Janeiro,5685554.23,18,1653497,4339.5,PT,0,858428,0.005055171,7.13,7.62,1,1041,0,0.310679611650485
3303500,2009,33,Rio de Janeiro,9556220.89,18,1557694,7811.1,PT,0,808691,0.009658943,7.13,7.62,1,1243,0,0.355045561930476
3303906,2005,33,Rio de Janeiro,3708450.87,18,365.9555,15242,PSB,0,291227,0.05233718,7.45,8.04,0,601,1,0.567415730337079
3303906,2009,33,Rio de Janeiro,5831205.12,18,370.6702,14742.8,PT,0,294979,0.04997915,7.45,8.04,1,654,0,0.792284866468843
3304144,2005,33,Rio de Janeiro,845592.49,18,1717128,0,PL,0,129978,0,6.8,7.32,0,191,0,0.564459930313589
3304144,2009,33,Rio de Janeiro,1224457.71,18,1801506,0,PMDB,0,136365,0,6.8,7.32,0,198,0,0.139259259259259
3304201,2005,33,Rio de Janeiro,2870472.01,18,102.4485,8012,PMDB,0,112159,0.0714343,7.68,8.09,0,176,0,0.032085561497326
3304201,2009,33,Rio de Janeiro,5011075.14,18,108.0094,7552.8,DEM,0,118247,0.06387308,7.68,8.09,0,224,0,0
3304557,2005,33,Rio de Janeiro,117771722.3,18,5073556,0,PFL,0,6089175,0,7.99,8.42,0,10102,0,0.397724079797696
3304557,2009,33,Rio de Janeiro,175739349.5,18,5227714,0,PMDB,0,6274192,0,7.99,8.42,0,10641,0,0.336264346538319
3304904,2005,33,Rio de Janeiro,6326585.33,18,3816672,350,PFL,0,945424,0.000370204,7.39,7.82,0,1061,0,0.527210884353742
3304904,2009,33,Rio de Janeiro,9615568.13,18,3992051,630,PDT,0,988867,0.000637093,7.39,7.82,0,1206,0,0.587692307692308
3305109,2005,33,Rio de Janeiro,2719460.73,18,12894,0,PMDB,0,454075,0,7.19,7.74,0,515,1,0.256241787122208
3305109,2009,33,Rio de Janeiro,4000292.21,18,12998.44,0,PR,0,457753,0,7.19,7.74,0,570,0,0.241090146750524
3305802,2005,33,Rio de Janeiro,1514958.97,18,195.8394,20210,PDT,0,150914,0.1339173,7.3,7.9,0,352,0,0.090909090909091
3305802,2009,33,Rio de Janeiro,2388091.91,18,209.1614,18071.6,PT,0,161180,0.1121206,7.3,7.9,1,364,1,0.061889250814332
3306305,2005,33,Rio de Janeiro,5714373.65,18,1369623,98,PV,0,249933,0.000392105,7.71,8.15,0,361,1,0.647228221742261
3306305,2009,33,Rio de Janeiro,8394796.75,18,1404125,122.8,PMDB,0,256229,0.000479259,7.71,8.15,0,395,1,0.340014316392269
3501608,2005,35,São Paulo,4229457.71,25,1468248,712,PDT,0,196616,0.003621272,8.11,8.4,0,260,0,0.595808383233533
3501608,2009,35,São Paulo,6126170.62,25,1552019,934.4,PSDB,0,207834,0.004495896,8.11,8.4,0,289,0,0.861313868613139
3502804,2005,35,São Paulo,1885372.59,25,150.2979,4154.5,PFL,0,175417,0.02368356,7.88,8.48,0,339,0,0.549295774647887
3502804,2009,35,São Paulo,3001299.43,25,154.5219,3634.1,PT,0,180347,0.0201506,7.88,8.48,1,345,1,0.801020408163265
3503208,2005,35,São Paulo,2757741.71,25,194.8606,7414,PT,0,195567,0.03791028,8.15,8.3,1,355,1,0.290419161676647
3503208,2009,35,São Paulo,4193535.36,25,205.2988,6223.6,PMDB,0,206043,0.03020534,8.15,8.3,0,390,0,0.531380753138075
3503307,2005,35,São Paulo,1639512.75,25,172.9445,6365,PPS,0,111520,0.05707496,7.81,8.28,0,162,0,0.535714285714286
3503307,2009,35,São Paulo,2407399.18,25,182.0291,6388.2,PT,0,117378,0.05442417,7.81,8.28,1,158,1,0.420382165605096
3504107,2005,35,São Paulo,1444382.58,25,248.5826,12897.5,PV,0,118952,0.1084261,7.65,8.19,0,189,1,525
3504107,2009,35,São Paulo,2625614.86,25,261.3741,11674.7,PV,0,125073,0.09334309,7.65,8.19,0,246,1,0.833333333333333
3505500,2005,35,São Paulo,1295251.97,25,68.9629,4236,PPS,0,108007,0.03921968,7.89,8.02,0,170,0,0.549295774647887
3505500,2009,35,São Paulo,1653910.77,25,71054,3582.4,PTB,0,111282,0.03219209,7.89,8.02,0,195,0,0.160714285714286
3505708,2005,35,São Paulo,21735746.92,25,3417223,0,PPS,0,224515,0,7.86,8.26,0,256,0,0.373271889400922
3505708,2009,35,São Paulo,26908070.03,25,3614892,0,PMDB,0,237502,0,7.86,8.26,0,285,0,0.745614035087719
3506003,2005,35,São Paulo,4146450.98,25,494.2473,5683,PDT,0,330001,0.01722116,8.01,8.25,0,612,0,0.790613718411552
3506003,2009,35,São Paulo,6795517.42,25,510.9453,5731.8,PMDB,0,341150,0.01680141,8.01,8.25,0,685,1,0.681372549019608
3506508,2005,35,São Paulo,1002127.04,25,191525,3261,PMDB,0,101514,0.03212365,7.8,8.29,0,141,0,0.32
3506508,2009,35,São Paulo,1409186.64,25,202.4131,3244.2,PMDB,0,107285,0.03023908,7.8,8.29,0,138,0,0.71969696969697
3507506,2005,35,São Paulo,1725485.37,25,79.46423,4480,PT,0,117817,0.03802507,8,8.22,1,249,1,0.111940298507463
3507506,2009,35,São Paulo,2317107.85,25,84.59628,4613.6,PSDB,0,125426,0.03678344,8,8.22,0,237,1,0.461538461538462
3507605,2005,35,São Paulo,1588220.08,25,265.1039,9215,PFL,0,135888,0.0678132,7.76,8.2,0,203,0,0.488095238095238
3507605,2009,35,São Paulo,2389078.34,25,282.0474,5435,PSDB,0,144573,0.03759347,7.76,8.2,0,231,0,875
3509502,2005,35,São Paulo,22642867.43,25,1289696,17378,PDT,0,1024755,0.0169582,8.05,8.52,0,1506,1,0.116345467523198
3509502,2009,35,São Paulo,31654719.45,25,1345432,18338,PDT,0,1069041,0.01715369,8.05,8.52,0,1715,1,0.508094645080946
3510609,2005,35,São Paulo,1924341.9,25,10336.65,0,PSDB,0,357090,0,7.49,7.93,0,344,0,0.476584022038567
3510609,2009,35,São Paulo,3068291.28,25,10625.98,0,PT,0,367085,0,7.49,7.93,1,311,1,0.848744641763625
3511102,2005,35,São Paulo,1558304.73,25,376.2406,1241,PSDB,0,109334,0.01135054,7.85,8.33,0,241,0,0.622093023255814
3511102,2009,35,São Paulo,2204609.16,25,385.8381,970.6,PSDB,0,112123,0.008656565,7.85,8.33,0,256,0,0.902439024390244
3513009,2005,35,São Paulo,3349074.73,25,540.3464,0,PSDB,0,175069,0,7.8,8.26,0,254,0,0.258064516129032
3513009,2009,35,São Paulo,5427421.44,25,604.7458,0,PSDB,0,195934,0,7.8,8.26,0,310,0,0.602803738317757
3513504,2005,35,São Paulo,5355992.67,25,794.4834,743,PL,0,113515,0.00654539,7.37,7.72,0,116,0,0.015105740181269
3513504,2009,35,São Paulo,5786552.76,25,823627,819,PT,0,117679,0.006959611,7.37,7.72,1,151,0,0.154302670623145
3513801,2005,35,São Paulo,7249169.18,25,12090.88,0,PT,0,371577,0,7.57,7.9,1,314,1,0.3960027100271
3513801,2009,35,São Paulo,9969818.98,25,12468.66,0,PT,0,383187,0,7.57,7.9,1,400,1,0.302304426925409
3515004,2005,35,São Paulo,1816667.21,25,3181156,0,PT,0,223947,0,7.35,7.72,1,196,1,0.483747609942639
3515004,2009,35,São Paulo,3698098.08,25,3366189,0,PT,0,236973,0,7.35,7.72,1,213,1,0.771362586605081
3515707,2005,35,São Paulo,802761.22,25,5254431,4363,PSB,0,155342,0.02808642,7.38,7.72,0,134,0,0.008849557522124
3516200,2005,35,São Paulo,3048949.72,25,500577,5571,PSDB,0,303189,0.01837468,7.8,8.2,0,474,0,0.390625
3516200,2009,35,São Paulo,4220312.92,25,520.9855,5600.6,PSDB,0,315550,0.01774869,7.8,8.2,0,526,0,0.442307692307692
3516309,2005,35,São Paulo,517191.74,25,2940858,236,PSDB,0,144105,0.001637695,7.03,7.38,0,115,0,0.599557522123894
3516309,2009,35,São Paulo,863953.4,25,3110.12,294.4,PT,0,152399,0.001931771,7.03,7.38,1,149,0,0.736975857687421
3516408,2005,35,São Paulo,1162988.6,25,902.7528,9042,PSDB,0,119863,0.07543612,7.31,7.78,0,103,0,0.271276595744681
3516408,2009,35,São Paulo,1564532.68,25,973.4965,10094,PSDB,0,129256,0.07809309,7.31,7.78,0,99,0,0.681818181818182
3518404,2005,35,São Paulo,1526322.45,25,143.6896,5184.5,PFL,0,108146,0.04793982,7.98,8.18,0,205,0,0.41875
3518404,2009,35,São Paulo,2336862.53,25,147863,5286.5,DEM,0,111287,0.0475033,7.98,8.18,0,251,0,0.678787878787879
3518701,2005,35,São Paulo,2539631.23,25,1934725,68.5,PDT,0,277782,0.000246596,7.51,7.88,0,267,0,0.465553235908142
3518701,2009,35,São Paulo,3429098.42,25,2006993,60.1,PMDB,0,288158,0.000208566,7.51,7.88,0,295,1,0.352393617021277
3518800,2005,35,São Paulo,22020875.08,25,3600.37,30329,PT,0,1147348,0.026434,7.63,7.98,1,1036,1,0.396094141211818
3518800,2009,35,São Paulo,32473827.3,25,3787724,36153,PSDB,0,1207053,0.02995146,7.63,7.98,0,1313,1,0.712554269175109
3519071,2005,35,São Paulo,2605387.38,25,2765445,0,PT,0,172608,0,7.56,7.9,1,99,1,0.346820809248555
3519071,2009,35,São Paulo,4855737.33,25,3022863,0,PT,0,188675,0,7.56,7.9,1,154,0,0.753521126760563
3520509,2005,35,São Paulo,3341310.8,25,559.5821,2173,PDT,0,174335,0.01246451,7.88,8.29,0,178,0,0.029411764705882
3520509,2009,35,São Paulo,5156607.61,25,629.6426,2063.4,PDT,0,196162,0.01051886,7.88,8.29,0,211,0,0.457831325301205
3522208,2005,35,São Paulo,1889087.76,25,936.3681,1312.5,PMDB,0,141150,0.009298619,7.42,7.83,0,142,0,0.233812949640288
3522208,2009,35,São Paulo,3207249.44,25,997.2071,1276.1,PMDB,0,150321,0.008489166,7.42,7.83,0,156,0,0.76969696969697
3522307,2005,35,São Paulo,1589372.26,25,75.42851,13374,PMDB,0,134968,0.09909015,7.63,7.86,0,192,1,0.257142857142857
3522307,2009,35,São Paulo,2164772.54,25,79.63506,13335.6,PMDB,0,142495,0.09358644,7.63,7.86,0,205,0,0.450819672131148
3522505,2005,35,São Paulo,1742850.81,25,2197017,0,PPS,0,181601,0,7.35,7.59,0,139,0,0.50453720508167
3522505,2009,35,São Paulo,3638207.26,25,2382528,0,PT,0,196935,0,7.35,7.59,1,165,0,0.705692803437164
3523107,2005,35,São Paulo,1730080.13,25,3598993,0,PL,0,297356,0,7.14,7.44,0,203,0,0.455026455026455
3523107,2009,35,São Paulo,2861017.32,25,3835383,0,PR,0,316887,0,7.14,7.44,0,240,0,0.36742934051144
3523909,2005,35,São Paulo,2693040.98,25,225929,10652.5,PV,0,144757,0.07358884,7.73,8.15,0,178,0,0.412698412698413
3523909,2009,35,São Paulo,4131263.15,25,237.6533,10035.3,PV,0,152269,0.06590508,7.73,8.15,0,188,0,0.794117647058823
3524402,2005,35,São Paulo,3342025.14,25,433.4808,5414.5,PT,0,201253,0.02690395,7.77,8.09,1,263,1,0.462486002239642
3524402,2009,35,São Paulo,4832375.42,25,450.6453,3414.9,PT,0,209222,0.0163219,7.77,8.09,1,242,1,0.67595818815331
3525003,2005,35,São Paulo,1067347.43,25,5735343,0,PT,0,100076,0,7.6,8.01,1,76,1,0.26685393258427
3525003,2009,35,São Paulo,1409889.34,25,6114391,0,PSDB,0,106690,0,7.6,8.01,0,79,0,0.286624203821656
3525300,2005,35,São Paulo,1192939.28,25,176.9342,4504,PSDB,0,121572,0.037048,7.78,8.19,0,176,0,0.426229508196721
3525300,2009,35,São Paulo,1760822.55,25,187.9573,4182.4,PV,0,129146,0.03238505,7.78,8.19,0,172,0,0.857749469214437
3525904,2005,35,São Paulo,9981889.41,25,804166,19552.5,PSDB,0,346762,0.05638593,8.22,8.57,0,549,0,0.349907918968692
3525904,2009,35,São Paulo,16585137.29,25,847.5118,16642.5,PSDB,0,365453,0.04553937,8.22,8.57,0,542,0,0.388888888888889
3526902,2005,35,São Paulo,4176399.98,25,452.0906,9461,PDT,0,262534,0.03603724,7.75,8.14,0,340,0,0.220338983050847
3526902,2009,35,São Paulo,5752285.92,25,470.6713,8472.2,PDT,0,273324,0.03099691,7.75,8.14,0,422,0,0.39943342776204
3529005,2005,35,São Paulo,2216406.03,25,176.8828,8677.5,PSDB,0,207044,0.04191138,7.98,8.21,0,367,0,0.291139240506329
3529005,2009,35,São Paulo,3433664.83,25,183.5132,9521.1,PDT,0,214805,0.04432439,7.98,8.21,0,390,0,0.556701030927835
3529401,2005,35,São Paulo,4772721.59,25,6303252,0,PV,0,390228,0,7.66,7.81,0,311,1,0.401650021710812
3529401,2009,35,São Paulo,6574846.49,25,6650035,0,PT,0,411697,0,7.66,7.81,1,325,1,0.633807075899607
3530607,2005,35,São Paulo,4358812.61,25,503.8447,29302,PSDB,0,359010,0.0816189,7.83,8.01,0,508,0,0.025641025641026
3530607,2009,35,São Paulo,7712574.19,25,536.1446,30243.6,DEM,0,382025,0.07916655,7.83,8.01,0,612,0,0.353205849268841
3530706,2005,35,São Paulo,1837584.87,25,160857,7494.5,PMDB,0,130737,0.05732501,7.74,8.13,0,161,0,0.3359375
3530706,2009,35,São Paulo,2516744.63,25,167.2624,7054.9,PV,0,135943,0.05189602,7.74,8.13,0,169,1,0.53968253968254
3534401,2005,35,São Paulo,16874651.16,25,10155.91,0,PT,0,659667,0,7.76,8.18,1,665,1,0.515040352164343
3534401,2009,35,São Paulo,31616451.47,25,10243.02,0,PT,0,665325,0,7.76,8.18,1,600,1,0.839051463168517
3534708,2005,35,São Paulo,1157786.64,25,332.8105,3575,PSDB,0,98452,0.03631211,7.78,8.13,0,150,0,0.045197740112994
3534708,2009,35,São Paulo,1470158.67,25,345.2032,2841.4,PSDB,0,102118,0.02782467,7.78,8.13,0,143,0,0.317647058823529
3538006,2005,35,São Paulo,2611187.67,25,187.0019,6120,PPS,0,136511,0.04483155,7.73,8.15,0,159,1,0.251366120218579
3538006,2009,35,São Paulo,4172247.76,25,198491,5457.6,PPS,0,144898,0.03766512,7.73,8.15,0,177,0,0.513761467889908
3538709,2005,35,São Paulo,5780797.08,25,251.7037,9811,PSDB,0,346865,0.02828478,7.85,8.36,0,530,1,0.350282485875706
3539806,2005,35,São Paulo,1559607.03,25,5844937,1402,PTB,0,100907,0.01389398,7.71,8.06,0,101,0,0.013422818791946
3539806,2009,35,São Paulo,2275421.9,25,6081557,1620.4,PDT,0,104992,0.01543356,7.71,8.06,0,186,0,0.457579972183588
3541000,2005,35,São Paulo,1756558.21,25,1549091,0,PSDB,0,227817,0,7.54,7.96,0,168,0,0.096638655462185
3541406,2005,35,São Paulo,2530522.83,25,353.8796,4096,PTB,0,198398,0.02064537,8.06,8.46,0,350,0,0.513513513513513
3541406,2009,35,São Paulo,3621430.44,25,367.0254,4207.2,PTB,0,205768,0.02044633,8.06,8.46,0,336,0,0.895522388059702
3543303,2005,35,São Paulo,1137365.02,25,1098037,0,PV,0,108788,0,7.84,8.07,0,98,1,0.414383561643836
3543303,2009,35,São Paulo,1631338.63,25,1132597,0,PV,0,112212,0,7.84,8.07,0,105,0,0.540816326530612
3543402,2005,35,São Paulo,10077280.3,25,852.3419,1928,PSDB,0,554803,0.003475107,8,8.55,0,841,1,0.447397563676633
3543402,2009,35,São Paulo,14688064.04,25,913.6448,1740,DEM,0,594706,0.002925816,8,8.55,0,980,1,0.579510703363914
3543907,2005,35,São Paulo,3194773.2,25,355.5943,4633.5,PFL,0,177236,0.02614311,8.03,8.25,0,288,1,0.355555555555556
3543907,2009,35,São Paulo,4522812.71,25,370.0679,4547.5,PMDB,0,184450,0.02465438,8.03,8.25,0,296,1,0.349282296650718
3545209,2005,35,São Paulo,1555000.97,25,746.5823,916.5,PDT,0,99338,0.009226076,7.8,8.09,0,99,0,0.155038759689922
3545209,2009,35,São Paulo,2186611.92,25,783.7243,774.5,PDT,0,104280,0.007427119,7.8,8.09,0,98,0,0.488372093023256
3545803,2005,35,São Paulo,2507931.46,25,645.8473,1782.5,PSDB,0,175044,0.01018315,7.81,8.19,0,142,0,0.80952380952381
3545803,2009,35,São Paulo,3115531.06,25,660.5025,1479.7,PDT,0,179016,0.008265741,7.81,8.19,0,150,0,0.93348623853211
3547809,2005,35,São Paulo,11272305.8,25,3770972,0,PT,0,662869,0,8.15,8.35,1,796,1,0.337527757216876
3547809,2009,35,São Paulo,14709603.12,25,3832582,0,PT,0,673699,0,8.15,8.35,1,862,0,0.646389324960754
3548500,2005,35,São Paulo,14771672.18,25,1491738,1265,PMDB,0,418692,0.003021314,8.4,8.71,0,910,0,0.31047619047619
3548500,2009,35,São Paulo,22546133.9,25,1493754,488.2,PMDB,0,419258,0.001164438,8.4,8.71,0,873,0,0.797546012269939
3548708,2005,35,São Paulo,18329111.89,25,1793071,12521.5,PSB,0,734320,0.01705183,8.05,8.34,0,747,0,0.59265811587793
3548708,2009,35,São Paulo,28935767.28,25,1853906,12730.7,PT,0,759234,0.01676782,8.05,8.34,1,915,1,0.695686274509804
3548807,2005,35,São Paulo,8076924.34,25,9439.11,0,PTB,0,144711,0,8.62,9.19,0,245,1,0.436635944700461
3548807,2009,35,São Paulo,8920201.84,25,9676668,0,PTB,0,148353,0,8.62,9.19,0,288,1,0.289788408463661
3548906,2005,35,São Paulo,2921354.92,25,182.4899,9221.5,PT,0,207474,0.04444653,8.05,8.41,1,373,1,0.478971962616822
3548906,2009,35,São Paulo,4523692.7,25,192.6763,8946.7,PT,0,219055,0.04084225,8.05,8.41,1,402,1,0.341553637484587
3549805,2005,35,São Paulo,5245320.92,25,887.5942,23007.5,PPS,0,383391,0.06001054,7.97,8.34,0,626,1,0.570469798657718
3549805,2009,35,São Paulo,7879047.64,25,933.6511,24426.3,PSB,0,403285,0.06056833,7.97,8.34,0,662,1,0.822429906542056
3549904,2005,35,São Paulo,16527169.04,25,531.7557,9691.5,PSDB,0,584617,0.01657752,8.07,8.49,0,745,1,0.457481162540366
3549904,2009,35,São Paulo,22018042.8,25,564.7216,12167.9,PSDB,0,620860,0.01959846,8.07,8.49,0,784,0,0.765862377122431
3550308,2005,35,São Paulo,261455917.2,25,7128924,361173.5,PSDB,0,10843878,0.03330667,8.05,8.41,0,16818,0,0.372218284904323
3550308,2009,35,São Paulo,389317166.7,25,7344359,153260.3,DEM,0,11171578,0.01371877,8.05,8.41,0,18066,0,0.684453290367422
3551009,2005,35,São Paulo,1798505.64,25,2150.19,385,PSB,0,317998,0.001210699,7.68,7.98,0,411,0,0.56188605108055
3551009,2009,35,São Paulo,2898355.85,25,2228341,582.6,PSB,0,329556,0.001767833,7.68,7.98,0,442,0,0.795045045045045
3551702,2005,35,São Paulo,1889283.69,25,253.9613,2716,PSDB,0,102369,0.02653147,7.61,8.33,0,101,0,0.133333333333333
3551702,2009,35,São Paulo,4155643.43,25,269.2532,1582.4,PPS,0,108533,0.0145799,7.61,8.33,0,133,0,0.333333333333333
3552205,2005,35,São Paulo,9243590.75,25,1199087,6363,PSDB,0,540047,0.01178231,7.98,8.28,0,709,0,0.425837320574163
3552205,2009,35,São Paulo,14182597.39,25,1281821,6059.8,PSDB,0,577309,0.01049663,7.98,8.28,0,843,0,0.738095238095238
3552403,2005,35,São Paulo,4634895.62,25,1427146,2816.5,PT,0,219017,0.01285973,7.62,8,1,159,1,0.744186046511628
3552403,2009,35,São Paulo,6901888.24,25,1543362,2840.9,PT,0,236852,0.01199441,7.62,8,1,203,0,0.816717791411043
3552502,2005,35,São Paulo,4143232.03,25,1190796,8253,PT,0,245585,0.03360547,7.65,7.75,1,257,1,0.316949152542373
3552502,2009,35,São Paulo,5559876.39,25,1256333,9041.8,PT,0,259101,0.03489682,7.65,7.75,1,323,0,0.419932432432432
3552809,2005,35,São Paulo,3015795.62,25,10843.93,0,PSB,0,221086,0,7.69,8.09,0,153,1,0.489457831325301
3552809,2009,35,São Paulo,4035662.6,25,11763.78,0,PSB,0,239840,0,7.69,8.09,0,170,0,0.898580121703854
3554003,2005,35,São Paulo,1201599.25,25,191.6529,6441.5,PSDB,0,100378,0.06417243,7.52,7.94,0,131,0,0
3554003,2009,35,São Paulo,1898242.56,25,202.2648,5341.1,PSDB,0,105936,0.05041818,7.52,7.94,0,117,0,0.682242990654206
3554102,2005,35,São Paulo,4667498.28,25,418.2796,10165,PSDB,0,261426,0.0388829,8,8.37,0,300,0,0.465116279069767
3554102,2009,35,São Paulo,8324690.93,25,440.3723,6849,PMDB,0,275234,0.02488428,8,8.37,0,354,0,684
3556503,2005,35,São Paulo,942467.68,25,2845814,0,PT,0,99945,0,7.59,7.95,1,72,1,0.416666666666667
3556503,2009,35,São Paulo,1421193.98,25,3008542,0,PT,0,105660,0,7.59,7.95,1,63,1,0.271805273833671
3557006,2005,35,São Paulo,958360.87,25,557.8066,3674,PDT,0,102367,0.03589047,7.67,8.14,0,77,0,0.431818181818182
3557006,2009,35,São Paulo,1810173.41,25,585.8912,4051.6,PT,0,107521,0.03768194,7.67,8.14,1,95,0,0.827586206896552
4100400,2005,41,Paraná,480892.7,17,491.6249,3918,PMDB,0,95741,0.04092291,6.99,7.28,0,49,1,0.244897959183673
4100400,2009,41,Paraná,577882.26,17,522.2805,4234.8,PMDB,0,101711,0.04163561,6.99,7.28,0,74,0,0.627586206896552
4101408,2005,41,Paraná,1020912.67,17,204.8267,7199,PFL,0,114373,0.06294318,7.48,7.99,0,189,0,0.447098976109215
4101408,2009,41,Paraná,1511202.27,17,214.2055,6895.8,PMDB,0,119610,0.05765237,7.48,7.99,0,198,0,0.627659574468085
4101804,2005,41,Paraná,7082489.54,17,227.3698,8534.5,PSDB,0,106691,0.07999269,7.4,8.01,0,127,0,0.787610619469027
4101804,2009,41,Paraná,11962877.3,17,248.5658,8844.5,PMDB,0,116637,0.07582928,7.4,8.01,0,162,0,0.610309278350516
4104204,2005,41,Paraná,1114212.73,17,82.48951,16882,PSB,0,102580,0.164574,7.45,7.74,0,100,0,0.195121951219512
4104204,2009,41,Paraná,1341769.86,17,88.79243,17940.4,PMDB,0,110418,0.1624771,7.45,7.74,0,136,1,0.050420168067227
4104808,2005,41,Paraná,2917814.17,17,126.5152,16419,PPS,0,265787,0.06177503,7.82,8.1,0,337,0,0.347796143250689
4104808,2009,41,Paraná,4991769.9,17,134.2902,16197.4,PDT,0,282121,0.05741295,7.82,8.1,0,403,0,0.729433272394881
4105805,2005,41,Paraná,1173268.47,17,1001795,9060.5,PPS,0,198148,0.04572592,7.33,7.64,0,152,0,0.502890173410405
4105805,2009,41,Paraná,1866142.63,17,1061731,9615.3,PSC,0,210003,0.04578649,7.33,7.64,0,160,0,0.656301145662848
4106902,2005,41,Paraná,29672565.37,17,3837869,0,PSDB,0,1669611,0,8.23,8.56,0,3541,0,0.316221765913758
4106902,2009,41,Paraná,45762418.37,17,3989205,0,PSDB,0,1735448,0,8.23,8.56,0,3747,0,0.476075105996366
4108304,2005,41,Paraná,4940258.61,17,416.1319,2072.5,PDT,0,257316,0.008054299,7.51,7.88,0,306,0,0.854674796747967
4108304,2009,41,Paraná,6702200.02,17,414.5438,2115.3,PDT,0,256334,0.008252124,7.51,7.88,0,423,0,0.657492354740061
4109401,2005,41,Paraná,1765437.11,17,50.72753,13903.5,PP,0,161245,0.08622593,7.31,7.73,0,242,0,0.267857142857143
4109401,2009,41,Paraná,2424968.66,17,52.25837,14252.7,PP,0,166111,0.08580226,7.31,7.73,0,262,0,0.475409836065574
4113700,2005,41,Paraná,6115126.3,17,288.5707,13435,PT,0,476883,0.02817253,7.78,8.24,1,984,0,0.718678815489749
4113700,2009,41,Paraná,8884459.28,17,303.0052,13226.2,PP,0,500737,0.02641347,7.78,8.24,0,1088,0,0.840414507772021
4115200,2005,41,Paraná,4720673.29,17,662.8964,5551,PP,0,322865,0.01719294,8.08,8.41,0,463,0,0.482608695652174
4115200,2009,41,Paraná,7284400.55,17,719.0916,6251.8,PP,0,350235,0.0178503,8.08,8.41,0,704,0,0.624378109452736
4118204,2005,41,Paraná,4386354.12,17,161.9792,5038.5,PDT,0,133904,0.0376277,7.5,7.82,0,175,0,0.582278481012658
4118204,2009,41,Paraná,5443256.06,17,168.3324,5075.7,PDT,0,139156,0.03647489,7.5,7.82,0,248,0,0.708920187793427
4119152,2005,41,Paraná,1454940.35,17,1807.11,0,PRP,0,109997,0,7.51,8.15,0,95,0,0.356164383561644
4119152,2009,41,Paraná,2381652.85,17,1899259,0,PT,0,115606,0,7.51,8.15,1,104,1,0.668965517241379
4119905,2005,41,Paraná,3982072.54,17,142.4098,6910,PSDB,0,292614,0.02361473,7.63,8.04,0,490,0,0.514778325123153
4119905,2009,41,Paraná,5072748.79,17,149.8064,6891.6,PSDB,0,307812,0.02238899,7.63,8.04,0,508,0,0.681912681912682
4125506,2005,41,Paraná,6469185.42,17,247.5215,24134.5,PSDB,0,234263,0.1030231,7.58,7.96,0,224,0,0.512915129151292
4125506,2009,41,Paraná,11511811.12,17,272.8354,26682.1,PTB,0,258221,0.1033305,7.58,7.96,0,250,0,0.220253164556962
4127700,2005,41,Paraná,1537456.12,17,90.85805,11664,PP,0,108757,0.1072483,7.68,8.27,0,299,0,0.653198653198653
4127700,2009,41,Paraná,2426511.64,17,97.9132,11171.2,PP,0,117202,0.09531578,7.68,8.27,0,346,0,0.287769784172662
4202404,2005,42,Santa Catarina,5254644.89,23,550.4564,17055,PFL,0,285410,0.05975614,8.06,8.55,0,583,0,0.30622009569378
4202404,2009,42,Santa Catarina,7678830.19,23,586.8713,14807,DEM,0,304291,0.04866066,8.06,8.55,0,619,0,0.328947368421053
4204202,2005,42,Santa Catarina,2836978.07,23,263.9507,13896,PFL,0,165249,0.08409128,7.9,8.48,0,220,0,0.265682656826568
4204202,2009,42,Santa Catarina,4348897.69,23,287.3111,15112.8,DEM,0,179874,0.08401881,7.9,8.48,0,303,0,0.118320610687023
4204608,2005,42,Santa Catarina,2119593.46,23,769.4664,10022,PMDB,0,181364,0.05525904,7.88,8.22,0,237,1,0.008695652173913
4204608,2009,42,Santa Catarina,3190218.3,23,806.6109,4142.8,PSDB,0,190119,0.02179056,7.88,8.22,0,292,0,0.005763688760807
4205407,2005,42,Santa Catarina,6023013.89,23,565.2545,13047.5,PSDB,0,381778,0.03417562,8.47,8.75,0,1169,0,0.212534059945504
4205407,2009,42,Santa Catarina,8287889.98,23,611.9966,15381.5,PMDB,0,413348,0.03721198,8.47,8.75,0,1385,0,0.302583025830258
4208203,2005,42,Santa Catarina,6031127.35,23,573.8537,7732,PT,0,165434,0.04673767,7.95,8.25,1,238,1,0.491803278688525
4208203,2009,42,Santa Catarina,10870485.75,23,623.6342,9482.4,PP,0,179785,0.052743,7.95,8.25,0,308,0,0.3
4208906,2005,42,Santa Catarina,3422838.59,23,237.6177,11244,PL,0,125806,0.0893757,8.03,8.5,0,260,0,0.723756906077348
4208906,2009,42,Santa Catarina,4697089.95,23,263.7847,10504,DEM,0,139660,0.07521123,8.03,8.5,0,334,0,0.723320158102767
4209102,2005,42,Santa Catarina,9071455.27,23,419.5395,16024.5,PSDB,0,472446,0.03391816,8.09,8.57,0,547,0,412
4209102,2009,42,Santa Catarina,13345174.94,23,449.9754,17138.5,PT,0,506720,0.03382243,8.09,8.57,1,650,1,0.518787878787879
4209300,2005,42,Santa Catarina,1764388.12,23,59.7396,3445,PFL,0,157205,0.02191406,7.7,8.13,0,257,0,125
4209300,2009,42,Santa Catarina,2376554.34,23,59.59444,2921,PP,0,156823,0.01862609,7.7,8.13,0,331,0,0.738636363636364
4211900,2005,42,Santa Catarina,755617.33,23,303.7914,3423.5,PMDB,0,120038,0.02852014,7.57,8.16,0,121,0,0.644736842105263
4211900,2009,42,Santa Catarina,1693864.19,23,338.81,2299.9,PMDB,0,133875,0.01717946,7.57,8.16,0,137,0,0.412698412698413
4216602,2005,42,Santa Catarina,2445251.72,23,1274032,2413,PSDB,0,191682,0.01258856,8.09,8.49,0,236,1,0.088235294117647
4216602,2009,42,Santa Catarina,4193678.74,23,1370395,2480.2,PSB,0,206180,0.01202929,8.09,8.49,0,289,0,0.062953995157385
4300604,2005,43,Rio Grande do Sul,788897.8,22,2661875,846.3333,PTB,0,189821,0.004458586,6.99,7.68,0,124,1,0.224252491694352
4300604,2009,43,Rio Grande do Sul,1187823.95,22,2727532,1041,PTB,0,194503,0.005352103,6.99,7.68,0,115,0,0.396688264938805
4301602,2005,43,Rio Grande do Sul,909794.93,22,28.77211,20251.5,PT,0,117781,0.171942,7.4,8.02,1,214,0,0.073359073359073
4301602,2009,43,Rio Grande do Sul,1165896.54,22,28.57913,19271.1,PT,0,116991,0.1647229,7.4,8.02,1,236,1,0.212328767123288
4302105,2005,43,Rio Grande do Sul,1914715.39,22,362.6167,8936.5,PMDB,0,99382,0.08992071,7.78,8.7,0,312,0,0.013157894736842
4302105,2009,43,Rio Grande do Sul,2591081.5,22,385.6657,8352.9,PT,0,105699,0.07902534,7.78,8.7,1,309,1,0
4303103,2005,43,Rio Grande do Sul,1956142.17,22,2565337,0,PT,0,112921,0,7.57,8.13,1,100,1,0.107142857142857
4303103,2009,43,Rio Grande do Sul,3224373.71,22,2662706,0,PSB,0,117207,0,7.57,8.13,0,110,1,0.170053475935829
4304606,2005,43,Rio Grande do Sul,8868100.08,22,2402514,0,PSDB,0,314960,0,7.5,8.15,0,308,1,0.249326145552561
4304606,2009,43,Rio Grande do Sul,16444476.11,22,2456627,0,PT,0,322054,0,7.5,8.15,1,334,1,0.326596604688763
4305108,2005,43,Rio Grande do Sul,8294152.04,22,240.8703,21593.5,PMDB,0,397992,0.05425612,7.82,8.57,0,681,0,0.13125
4305108,2009,43,Rio Grande do Sul,12509581.94,22,259.0619,17245.9,PMDB,0,428050,0.04028945,7.82,8.57,0,789,0,0.481693363844394
4309209,2005,43,Rio Grande do Sul,3547232.34,22,526.7433,16327,PT,0,244145,0.06687419,7.36,8.11,1,196,1,0.503942652329749
4309209,2009,43,Rio Grande do Sul,5628742.56,22,546.6182,13000.6,PT,0,253357,0.05131336,7.36,8.11,1,245,1,0.19723865877712
4309308,2005,43,Rio Grande do Sul,1213794.25,22,251.3775,2246.5,PMDB,0,94756,0.02370826,7.3,8.15,0,97,0,0.306818181818182
4309308,2009,43,Rio Grande do Sul,1945150.1,22,252.3273,2162.9,PTB,0,95114,0.02274008,7.3,8.15,0,108,0,0.720720720720721
4313409,2005,43,Rio Grande do Sul,3838604.99,22,1061415,4169,PMDB,0,237567,0.01754873,7.47,8.09,0,301,0,0.032738095238095
4313409,2009,43,Rio Grande do Sul,4499416.12,22,1066321,4141,PT,0,238665,0.01735068,7.47,8.09,1,389,1,0.004175365344468
4314100,2005,43,Rio Grande do Sul,2398870.87,22,225.4752,4703.5,PDT,0,176642,0.0266273,7.76,8.04,0,282,0,0.133771929824561
4314100,2009,43,Rio Grande do Sul,3728977.52,22,233.8321,4711.1,PDT,0,183189,0.02571716,7.76,8.04,0,415,0,0.307475317348378
4314407,2005,43,Rio Grande do Sul,2629071.89,22,202.2981,22085,PPS,0,325717,0.06780426,7.39,8.16,0,493,0,0.288640595903166
4314407,2009,43,Rio Grande do Sul,3847927.93,22,203.5689,22091.4,PP,0,327763,0.06740053,7.39,8.16,0,511,0,0.516360734237829
4314902,2005,43,Rio Grande do Sul,28132954.69,22,2788446,53171.56,PPS,0,1384971,0.03839182,8.05,8.65,0,2912,1,0.172401560837176
4314902,2009,43,Rio Grande do Sul,37787913.24,22,2827715,63828,PMDB,0,1404475,0.04544616,8.05,8.65,0,3091,1,0.307325789160214
4315602,2005,43,Rio Grande do Sul,3015264.95,22,70.81913,7563.5,PMDB,0,191886,0.03941663,7.44,7.93,0,223,0,0.005434782608696
4315602,2009,43,Rio Grande do Sul,6280858.22,22,72.39653,7745.5,PMDB,0,196160,0.03948562,7.44,7.93,0,223,0,0.017241379310345
4316808,2005,43,Rio Grande do Sul,2849687.56,22,154.0791,13516.5,PSDB,0,113003,0.1196119,7.73,8.17,0,401,0,0.457142857142857
4316808,2009,43,Rio Grande do Sul,4378957.19,22,159938,13252.9,PTB,0,117300,0.112983,7.73,8.17,0,432,0,0.790645879732739
4316907,2005,43,Rio Grande do Sul,2347704.63,22,141.6136,12800.5,PT,0,252321,0.05073101,7.84,8.45,1,474,1,0.430599369085173
4316907,2009,43,Rio Grande do Sul,3457584.68,22,145.5243,12708.9,PMDB,0,259289,0.04901442,7.84,8.45,0,446,0,0.450145772594752
4318705,2005,43,Rio Grande do Sul,2286853.16,22,1983852,754,PT,0,203817,0.003699397,7.39,8.05,1,291,1,0.019529006318208
4318705,2009,43,Rio Grande do Sul,3302152.98,22,2063823,835.6,PT,0,212033,0.003940896,7.39,8.05,1,370,1,0.086484312148029
4320008,2005,43,Rio Grande do Sul,1504532.72,22,2175548,711.5,PMDB,0,126854,0.00560881,7.26,8.06,0,110,1,0.002369668246446
4320008,2009,43,Rio Grande do Sul,1767158.55,22,2231834,530.3,PT,0,130136,0.004074968,7.26,8.06,1,124,1,0.251101321585903
4322400,2005,43,Rio Grande do Sul,1650589.77,22,22.12398,8206.5,PSDB,0,126186,0.06503495,7.44,7.88,0,153,0,0.18562874251497
4322400,2009,43,Rio Grande do Sul,2288915.59,22,22.0186,8053.3,PSDB,0,125585,0.06412629,7.44,7.88,0,153,0,0.263513513513513
4323002,2005,43,Rio Grande do Sul,1329721.12,22,155.9067,15126,PT,0,233407,0.06480525,7.17,8.08,1,222,1,0.458413926499033
4323002,2009,43,Rio Grande do Sul,1838203.9,22,159.1009,14573.2,PT,0,238189,0.06118334,7.17,8.08,1,212,1,0.557285180572852
5002704,2005,50,Mato Grosso do Sul,6945586.64,11,89.60996,9125,PMDB,1,725209,0.01258258,7.84,8.14,0,1200,1,0.610917537746806
5002704,2009,50,Mato Grosso do Sul,11645483.89,11,95.69797,10259.4,PMDB,0,774479,0.01324684,7.84,8.14,0,1226,1,0.253657109420714
5003702,2005,50,Mato Grosso do Sul,1807455.45,11,44.17071,15028.5,PT,1,180492,0.08326408,7.47,7.88,1,222,1,0.105263157894737
5003702,2009,50,Mato Grosso do Sul,3003284.19,11,47.21361,15034.5,PDT,0,192926,0.07792884,7.47,7.88,0,269,0,0.035851472471191
5103403,2005,51,Mato Grosso,7020652.83,12,157.1236,8560,PSDB,0,517222,0.01654995,7.85,8.21,0,735,1,0.189189189189189
5103403,2009,51,Mato Grosso,9816818.57,12,165.3564,9956.8,PSDB,0,544323,0.01829208,7.85,8.21,0,869,1,0.346091644204852
5107602,2005,51,Mato Grosso,2932535.67,12,41.55977,7918.5,PPS,0,172852,0.04581087,7.55,7.91,0,199,0,0.553571428571429
5107602,2009,51,Mato Grosso,4862344.21,12,45.91142,7542.1,PMDB,0,190951,0.03949757,7.55,7.91,0,241,0,0.45771144278607
5108402,2005,51,Mato Grosso,2018973.62,12,223.1867,3942.5,PPS,0,233947,0.01685211,7.34,7.9,0,146,1,0.058394160583942
5108402,2009,51,Mato Grosso,3000095.89,12,237.4195,3900.5,PR,0,248866,0.01567309,7.34,7.9,0,148,0,0.235955056179775
5200258,2005,52,Goiás,334997.02,8,703676,201,PFL,0,132562,0.001516272,6.86,7.17,0,78,1,0.321951219512195
5200258,2009,52,Goiás,548629.61,8,817.5545,231.4,PP,0,154015,0.001502451,6.86,7.17,0,68,0,0.300578034682081
5201108,2005,52,Goiás,2823515.55,8,333.6516,6888.5,PSB,0,311349,0.02212469,7.37,7.88,0,401,0,825
5201108,2009,52,Goiás,8109760.17,8,353.5958,6062.5,PT,0,329960,0.01837344,7.37,7.88,1,404,0,0.759336099585062
5201405,2005,52,Goiás,2229711.43,8,1421794,650.5,PFL,0,396025,0.001642573,7.18,7.64,0,175,0,0.531578947368421
5201405,2009,52,Goiás,4601372.93,8,1593066,494.9,PMDB,0,443731,0.001115315,7.18,7.64,0,216,0,0.682451253481894
5208707,2005,52,Goiás,13520904.08,8,1643025,6074.5,PMDB,0,1197504,0.005072634,7.99,8.32,0,1592,0,0.364835164835165
5208707,2009,52,Goiás,21386529.55,8,1757725,5173.3,PMDB,0,1281102,0.004038164,7.99,8.32,0,1706,0,0.57283950617284
5212501,2005,52,Goiás,1359672.94,8,39.8392,11322.5,PSDB,0,157807,0.07174903,7.01,7.56,0,141,0,0
5212501,2009,52,Goiás,2040827.86,8,43.21679,11646.9,PSDB,0,171186,0.06803652,7.01,7.56,0,174,0,0.573584905660377
5218805,2005,52,Goiás,2353796.17,8,17.48138,11676,PP,0,146488,0.07970618,7.54,8.07,0,122,0,0.180722891566265
5218805,2009,52,Goiás,4260318.27,8,20.33937,12638.4,DEM,0,170437,0.07415291,7.54,8.07,0,162,0,0.164383561643836
5221858,2005,52,Goiás,377773.82,8,1853849,0,PTB,0,113919,0,7.46,7.95,0,80,0,0.154929577464789
5221858,2009,52,Goiás,690698.12,8,2102018,0,PSDB,0,129169,0,7.46,7.95,0,74,0,0.805369127516778
5300108,2005,53,Distrito Federal,80526612.04,53,NA,NA,NA,NA,NA,NA,8.24,8.44,NA,3733,1,0.370630314482386
